{
  "aggregate_score": 0.1906033605337143,
  "ptm": 0.9530167579650879,
  "iptm": 0.0,
  "per_chain_ptm": 0.9530167579650879,
  "per_chain_pair_iptm": 0.9530167579650879,
  "has_inter_chain_clashes": false,
  "chain_chain_clashes": 0
}