{
  "aggregate_score": 0.19060377776622772,
  "ptm": 0.953018844127655,
  "iptm": 0.0,
  "per_chain_ptm": 0.953018844127655,
  "per_chain_pair_iptm": 0.953018844127655,
  "has_inter_chain_clashes": false,
  "chain_chain_clashes": 0
}