{
  "aggregate_score": 0.19050921499729156,
  "ptm": 0.9525460600852966,
  "iptm": 0.0,
  "per_chain_ptm": 0.9525460600852966,
  "per_chain_pair_iptm": 0.9525460600852966,
  "has_inter_chain_clashes": false,
  "chain_chain_clashes": 0
}