{
  "aggregate_score": 0.19058609008789062,
  "ptm": 0.9529304504394531,
  "iptm": 0.0,
  "per_chain_ptm": 0.9529304504394531,
  "per_chain_pair_iptm": 0.9529304504394531,
  "has_inter_chain_clashes": false,
  "chain_chain_clashes": 0
}