{
  "aggregate_score": 0.19045522809028625,
  "ptm": 0.9522761106491089,
  "iptm": 0.0,
  "per_chain_ptm": 0.9522761106491089,
  "per_chain_pair_iptm": 0.9522761106491089,
  "has_inter_chain_clashes": false,
  "chain_chain_clashes": 0
}